time,open,high,low,close,volume
2021-02-23 18:30:00,120.7,120.7,120.7,120.7,500
2021-02-23 17:15:00,120.56,120.56,120.56,120.56,105
2021-02-23 17:00:00,120.7,120.71,120.7,120.71,625
2021-02-23 16:45:00,120.54,120.54,120.54,120.54,201
2021-02-23 16:15:00,120.71,120.71,120.53,120.71,54856
2021-02-23 16:00:00,121.14,121.21,120.68,120.71,422808
2021-02-23 15:45:00,121.13,121.2348,121.095,121.15,158899
2021-02-23 15:30:00,121.21,121.35,121.11,121.12,137881
2021-02-23 15:15:00,121.21,121.25,121.02,121.21,138390
2021-02-23 15:00:00,120.96,121.227,120.89,121.21,147398
2021-02-23 14:45:00,120.83,120.9799,120.64,120.9424,82736
2021-02-23 14:30:00,120.94,120.96,120.8001,120.82,113214
2021-02-23 14:15:00,120.8,120.99,120.7963,120.94,91233
2021-02-23 14:00:00,120.825,120.88,120.675,120.81,76166
2021-02-23 13:45:00,120.73,120.83,120.7,120.82,75091
2021-02-23 13:30:00,120.6,120.7939,120.58,120.73,87444
2021-02-23 13:15:00,120.58,120.765,120.5,120.585,74650
2021-02-23 13:00:00,120.87,120.95,120.51,120.57,77725
2021-02-23 12:45:00,120.84,121.08,120.7964,120.89,114956
2021-02-23 12:30:00,120.62,120.91,120.52,120.89,102994
2021-02-23 12:15:00,120.79,120.88,120.56,120.64,153949
2021-02-23 12:00:00,120.47,120.86,120.47,120.805,133145
2021-02-23 11:45:00,120.18,120.46,120.12,120.46,118227
2021-02-23 11:30:00,120.2,120.28,120.08,120.1801,161769
2021-02-23 11:15:00,120.34,120.47,120.11,120.19,182371
2021-02-23 11:00:00,120.635,120.94,120.35,120.38,166492
2021-02-23 10:45:00,120.41,120.88,120.3917,120.64,136601
2021-02-23 10:30:00,120.58,120.61,120.24,120.42,158433
2021-02-23 10:15:00,120.09299999999999,120.66,119.93,120.615,160871
2021-02-23 10:00:00,120.48,120.62,119.8,120.07,241942
2021-02-23 09:45:00,120.92,121.3,120.41,120.5,593499
2021-02-23 09:30:00,120.58,121.15,120.3701,121.09,14308
2021-02-23 09:15:00,120.41,120.67,120.4,120.67,3078
2021-02-23 09:00:00,120.41,120.6,120.41,120.6,642
2021-02-23 08:45:00,120.4,120.66,120.36,120.66,2504
2021-02-23 08:30:00,120.35,120.55,120.11,120.4,2377
2021-02-23 08:15:00,120.57,121.0233,120.57,120.86,3611
2021-02-23 08:00:00,120.4,120.86,120.4,120.86,1128
2021-02-23 07:45:00,120.57,120.57,120.57,120.57,221
2021-02-23 07:00:00,120.5,120.5,120.5,120.5,1049
2021-02-23 06:45:00,120.1,120.5,120.1,120.5,1200
2021-02-23 06:00:00,120.17,120.64,120.17,120.64,1675
2021-02-23 05:45:00,120.25,120.25,120.23,120.24,1543
2021-02-23 05:30:00,120.26,120.26,120.26,120.26,342
2021-02-22 20:00:00,120.8,120.8,120.8,120.8,231
2021-02-22 19:30:00,120.51,120.51,120.51,120.51,357
2021-02-22 19:00:00,120.9101,120.9101,120.9101,120.9101,104
2021-02-22 18:45:00,120.91,120.91,120.91,120.91,300
2021-02-22 18:30:00,121.0,121.0,121.0,121.0,300
2021-02-22 17:45:00,121.07,121.07,121.07,121.07,100
2021-02-22 17:30:00,120.7,120.7,120.7,120.7,202
2021-02-22 17:15:00,120.75,120.75,120.7,120.71,470
2021-02-22 16:45:00,120.86,120.86,120.86,120.86,110
2021-02-22 16:30:00,120.86,120.86,120.8,120.8,20205
2021-02-22 16:15:00,120.86,121.0,120.72,120.72,238407
2021-02-22 16:00:00,120.98,121.125,120.78,120.91,496324
2021-02-22 15:45:00,120.905,120.99,120.76,120.9705,191752
2021-02-22 15:30:00,120.87,120.98,120.8511,120.91,166884
2021-02-22 15:15:00,120.9,120.98,120.84,120.8899,158515
2021-02-22 15:00:00,120.85,120.96,120.7,120.89,134133
2021-02-22 14:45:00,121.03,121.09,120.83,120.83,114671
2021-02-22 14:30:00,120.68,121.03,120.6706,121.0001,145814
2021-02-22 14:15:00,120.825,120.88,120.67,120.6893,121771
2021-02-22 14:00:00,120.7861,120.85,120.73,120.82,100763
2021-02-22 13:45:00,120.75,120.88,120.67,120.77,125090
2021-02-22 13:30:00,120.72,120.77,120.52,120.7501,114020
2021-02-22 13:15:00,120.76,120.94,120.7,120.71,155964
2021-02-22 13:00:00,120.67,120.76,120.537,120.75,141664
2021-02-22 12:45:00,120.45,120.92,120.38,120.68,192744
2021-02-22 12:30:00,120.37,120.57,120.2838,120.44,110719
2021-02-22 12:15:00,120.031,120.39,120.0284,120.39,130261
2021-02-22 12:00:00,119.9,120.2,119.89,120.04,194907
2021-02-22 11:45:00,119.7421,119.96,119.71,119.9,184768
2021-02-22 11:30:00,119.835,119.96,119.7,119.74,182291
2021-02-22 11:15:00,119.75,119.96,119.71,119.85,252847
2021-02-22 11:00:00,119.43,119.8147,119.36,119.77,330111
2021-02-22 10:45:00,119.095,119.49,119.05,119.445,336519
2021-02-22 10:30:00,118.97,119.35,118.87,119.12,210090
2021-02-22 10:15:00,119.02,119.195,118.88,118.9932,202230
2021-02-22 10:00:00,119.28,119.455,118.85,119.02,124563
2021-02-22 09:45:00,118.5,119.4,118.44,119.2918,479908
2021-02-22 09:30:00,118.6,118.6,118.55,118.55,747
2021-02-22 09:15:00,118.52,118.6,118.3994,118.55,5269
2021-02-22 09:00:00,118.54,118.54,118.51,118.51,3984
2021-02-22 08:45:00,118.37,118.54,118.37,118.54,1058
2021-02-22 08:30:00,118.36,118.54,118.36,118.54,311
2021-02-22 08:15:00,118.3802,118.57,118.36,118.36,5371
2021-02-22 08:00:00,118.44,118.44,118.35,118.35,5074
2021-02-22 07:45:00,118.45,118.45,118.45,118.45,407
2021-02-22 07:30:00,118.49,118.49,118.49,118.49,110
2021-02-22 07:15:00,118.48,118.62,118.41,118.51,7292
2021-02-22 07:00:00,118.48,118.48,118.48,118.48,211
2021-02-22 06:45:00,118.94,118.94,118.48,118.48,2030
2021-02-22 05:00:00,118.51,118.51,118.51,118.51,262
2021-02-22 04:15:00,118.99,118.99,118.65,118.65,243
2021-02-19 18:45:00,119.18,119.18,119.18,119.18,1250
2021-02-19 18:30:00,119.0,119.1,119.0,119.1,1191
2021-02-19 18:15:00,119.15,119.15,119.15,119.15,353
2021-02-19 18:00:00,119.05,119.05,119.05,119.05,556
2021-02-19 17:45:00,119.04,119.04,119.0,119.0,706
2021-02-19 17:30:00,119.01,119.05,119.0,119.0,7407
2021-02-19 17:00:00,118.98,119.2,118.98,119.2,2566
2021-02-19 16:45:00,118.96,118.99,118.96,118.98,1069
2021-02-19 16:30:00,118.99,118.99,118.99,118.99,618
2021-02-19 16:15:00,118.99,119.03,118.8999,118.9,104099
2021-02-19 16:00:00,119.1,119.22,118.81,118.98,439593
2021-02-19 15:45:00,119.02,119.175,119.0,119.11,219054
2021-02-19 15:30:00,119.01,119.05,118.91,119.02,131697
2021-02-19 15:15:00,118.62,119.02,118.61,119.0,199959
2021-02-19 15:00:00,118.475,118.6485,118.38,118.62,174548
2021-02-19 14:45:00,118.63,118.7645,118.42,118.475,258931
2021-02-19 14:30:00,118.81,118.89,118.63,118.63,306466
2021-02-19 14:15:00,118.81,118.92,118.77,118.81,149839
2021-02-19 14:00:00,118.875,118.94,118.78,118.805,177273
2021-02-19 13:45:00,118.9205,118.93,118.76,118.87,237601
2021-02-19 13:30:00,119.0,119.14,118.9101,118.9101,147035
2021-02-19 13:15:00,118.96,119.03,118.85,119.0,130959
2021-02-19 13:00:00,119.15,119.165,118.85,118.9638,319468
2021-02-19 12:45:00,119.365,119.4628,119.05,119.16,265183
2021-02-19 12:30:00,119.72,119.75,119.31,119.36,161677
2021-02-19 12:15:00,119.736,119.8278,119.675,119.7,93486
2021-02-19 12:00:00,119.67200000000001,119.79,119.61,119.74,92752
2021-02-19 11:45:00,119.65,119.74,119.54,119.69,111582
2021-02-19 11:30:00,119.46,119.7,119.33,119.68,164923
2021-02-19 11:15:00,119.44,119.57,119.33,119.46,188740
2021-02-19 11:00:00,119.5173,119.62,119.42,119.45,196583
2021-02-19 10:45:00,119.71,119.8499,119.49,119.5,178059
2021-02-19 10:30:00,119.56,119.955,119.38,119.74,203329
2021-02-19 10:15:00,119.45,119.85,119.45,119.56,152884
2021-02-19 10:00:00,119.55,120.75,119.21,119.435,716992
2021-02-19 09:45:00,120.75,120.76,119.3903,119.57,703367
2021-02-19 09:30:00,121.08,121.13,120.8,120.8,16203
2021-02-19 09:15:00,121.05,121.1,121.05,121.05,1424
2021-02-19 09:00:00,121.05,121.1,121.05,121.05,4201
2021-02-19 08:45:00,121.08,121.1,121.05,121.05,2365
2021-02-19 08:30:00,121.01,121.01,121.01,121.01,174
2021-02-19 08:15:00,121.13,121.13,120.9421,121.09,829
2021-02-19 08:00:00,121.0,121.11,121.0,121.11,917
2021-02-19 07:45:00,121.1,121.13,121.0,121.0,1435
2021-02-19 07:15:00,121.0,121.13,121.0,121.1,794
2021-02-19 05:45:00,121.5,121.5,121.41,121.41,5100
2021-02-19 04:15:00,121.5,121.5,121.5,121.5,700
2021-02-18 20:00:00,120.72,120.72,120.72,120.72,288
2021-02-18 19:15:00,120.6,120.6,120.6,120.6,125
2021-02-18 18:15:00,120.57,120.57,120.57,120.57,425
2021-02-18 18:00:00,120.79,120.79,120.79,120.79,495
2021-02-18 17:45:00,120.58,120.58,120.58,120.58,160
2021-02-18 17:30:00,120.58,120.58,120.58,120.58,140
2021-02-18 17:15:00,120.83,120.83,120.83,120.83,100
2021-02-18 17:00:00,120.56,120.68,120.56,120.68,306
2021-02-18 16:45:00,120.56,120.56,120.56,120.56,300
2021-02-18 16:15:00,120.73,120.73,120.53,120.73,454629
2021-02-18 16:00:00,120.67,120.81,120.51,120.73,425920
2021-02-18 15:45:00,120.715,120.77,120.63,120.68,155642
2021-02-18 15:30:00,120.67,120.76,120.54,120.72,125319
2021-02-18 15:15:00,120.58,120.71,120.51,120.67,117538
2021-02-18 15:00:00,120.69,120.7,120.4676,120.59,117400
2021-02-18 14:45:00,120.6753,120.73,120.61,120.68,93252
2021-02-18 14:30:00,120.77,120.84,120.53,120.63,119651
2021-02-18 14:15:00,120.67,120.94,120.67,120.77,104393
2021-02-18 14:00:00,120.81,120.815,120.625,120.67,98648
2021-02-18 13:45:00,120.73,120.92,120.71,120.79,114482
2021-02-18 13:30:00,120.32,120.75,120.3098,120.72,676230
2021-02-18 13:15:00,120.425,120.43,120.22,120.305,71763
2021-02-18 13:00:00,120.47,120.54,120.34,120.44,79518
2021-02-18 12:45:00,120.53,120.56,120.39,120.48,86132
2021-02-18 12:30:00,120.4,120.565,120.34,120.52,130822
2021-02-18 12:15:00,120.37,120.43,120.16,120.4,161946
2021-02-18 12:00:00,120.18,120.4,120.13,120.36,133708
2021-02-18 11:45:00,120.37,120.37,120.11,120.176,148309
2021-02-18 11:30:00,120.38,120.49,120.27,120.375,118572
2021-02-18 11:15:00,120.11,120.41,120.03,120.39,97039
2021-02-18 11:00:00,120.22,120.46,120.0,120.085,130454
2021-02-18 10:45:00,120.09,120.32,119.9,120.2591,140035
2021-02-18 10:30:00,120.51,120.5999,120.01,120.12,157078
2021-02-18 10:15:00,120.18,120.5,120.04,120.5,144208
2021-02-18 10:00:00,119.905,120.3899,119.89,120.21,118581
2021-02-18 09:45:00,120.5,120.53,119.7,119.94,413747
2021-02-18 09:30:00,119.49,120.5,119.49,120.5,7842
2021-02-18 09:15:00,119.35,119.48,119.31,119.31,2238
2021-02-18 09:00:00,119.6,119.67,119.3,119.3101,2233
2021-02-18 08:45:00,119.65,119.65,119.5,119.6,1437
2021-02-18 08:30:00,119.89,119.9,119.7,119.7,851
2021-02-18 08:15:00,119.68,119.9,119.68,119.89,1692
2021-02-18 07:45:00,119.9,119.9,119.9,119.9,477
2021-02-18 07:30:00,119.84,119.84,119.84,119.84,303
2021-02-18 07:15:00,119.9,119.9,119.9,119.9,528
2021-02-18 07:00:00,119.92,119.92,119.92,119.92,378
2021-02-18 06:45:00,119.89,119.89,119.51,119.51,940
2021-02-18 06:30:00,119.89,119.89,119.89,119.89,188
2021-02-18 06:15:00,119.8,119.89,119.8,119.89,300
2021-02-17 19:45:00,120.04,120.07,120.04,120.07,510
2021-02-17 19:30:00,120.01,120.01,120.01,120.01,200
2021-02-17 19:15:00,120.0,120.0,120.0,120.0,213
2021-02-17 19:00:00,120.0,120.0,120.0,120.0,797
2021-02-17 18:15:00,119.92,119.92,119.92,119.92,200
2021-02-17 17:30:00,120.03,120.03,120.03,120.03,100
2021-02-17 17:15:00,119.97,119.97,119.97,119.97,5790
2021-02-17 16:45:00,119.97,119.97,119.97,119.97,8676
2021-02-17 16:30:00,119.88,119.88,119.88,119.88,200
2021-02-17 16:15:00,119.97,119.97,119.97,119.97,407536
2021-02-17 16:00:00,119.82,120.01,119.815,119.98,225409
2021-02-17 15:45:00,119.835,120.04,119.81,119.83,137739
2021-02-17 15:30:00,119.93,119.93,119.73,119.833,94427
2021-02-17 15:15:00,120.015,120.08,119.89,119.91,81549
2021-02-17 15:00:00,119.93,120.035,119.89,120.015,77950
2021-02-17 14:45:00,119.88,120.025,119.84,119.925,90303
2021-02-17 14:30:00,119.9,119.95,119.81,119.87,72985
2021-02-17 14:15:00,119.7899,120.01,119.75,119.89,75275
2021-02-17 14:00:00,119.78,119.81,119.67,119.78,112398
2021-02-17 13:45:00,119.88,119.88,119.75,119.77,65595
2021-02-17 13:30:00,119.7603,119.905,119.705,119.8954,55643
2021-02-17 13:15:00,119.75,119.9,119.66,119.78,71158
2021-02-17 13:00:00,119.71,119.82,119.6838,119.74600000000001,68847
2021-02-17 12:45:00,119.85,119.865,119.685,119.72,78126
2021-02-17 12:30:00,119.7163,119.8634,119.69,119.84,92581
2021-02-17 12:15:00,119.71,119.96,119.61,119.71,85136
2021-02-17 12:00:00,119.49,119.71,119.44,119.6803,102283
2021-02-17 11:45:00,119.26,119.66,119.2,119.5,261627
2021-02-17 11:30:00,119.42,119.47,119.1482,119.27,259200
2021-02-17 11:15:00,119.7253,119.76,119.435,119.435,152005
2021-02-17 11:00:00,119.85,119.96,119.7,119.71,145607
2021-02-17 10:45:00,119.80799999999999,119.98,119.59,119.84,131914
2021-02-17 10:30:00,119.91,120.0,119.72,119.79,105205
2021-02-17 10:15:00,119.805,120.13,119.7607,119.95,97064
2021-02-17 10:00:00,120.4,120.45,119.76,119.8,125224
2021-02-17 09:45:00,119.27,120.56,119.02,120.43,526633
2021-02-17 09:30:00,119.5,119.5,119.12,119.15,7543
2021-02-17 09:15:00,119.62,119.62,119.6,119.6,1179
2021-02-17 09:00:00,119.8501,119.86,119.75,119.75,2153
2021-02-17 08:45:00,120.0001,120.0001,119.8843,119.8843,1515
2021-02-17 08:30:00,120.01,120.01,120.0,120.0,570
2021-02-17 08:15:00,119.9686,119.9716,119.9686,119.9716,428
2021-02-17 06:30:00,120.07,120.07,120.07,120.07,661
2021-02-17 06:00:00,120.07,120.07,120.07,120.07,451
2021-02-17 05:00:00,120.02,120.02,120.02,120.02,402
2021-02-16 20:00:00,119.76,119.76,119.76,119.76,312
2021-02-16 19:30:00,120.0,120.0,120.0,120.0,130
2021-02-16 19:15:00,119.83,119.83,119.82,119.82,529
2021-02-16 18:30:00,120.0,120.0,120.0,120.0,306
2021-02-16 18:15:00,120.05,120.05,120.02,120.02,570
2021-02-16 18:00:00,120.06,120.06,120.06,120.06,1207
2021-02-16 17:45:00,120.0,120.0,120.0,120.0,252
2021-02-16 17:30:00,120.03,120.03,120.02,120.03,967
2021-02-16 17:15:00,119.8,119.8,119.8,119.8,7915
2021-02-16 17:00:00,119.96,119.96,119.79,119.79,2907
2021-02-16 16:45:00,120.07,120.07,120.0,120.0,2151
2021-02-16 16:30:00,119.92,119.92,119.92,119.92,434
2021-02-16 16:15:00,120.07,120.22,119.74,119.74,637729
2021-02-16 16:00:00,120.2,120.3,119.975,120.07,547577
2021-02-16 15:45:00,120.14,120.3,120.08,120.195,156807
2021-02-16 15:30:00,120.07,120.2,120.02,120.145,99877
2021-02-16 15:15:00,120.09,120.23,120.06,120.09,99651
2021-02-16 15:00:00,120.1,120.18,120.01,120.09,107024
2021-02-16 14:45:00,120.02,120.22,120.02,120.1016,141769
2021-02-16 14:30:00,120.02,120.07,119.95,120.03,68005
2021-02-16 14:15:00,120.06,120.154,119.99,120.01,87076
2021-02-16 14:00:00,119.98,120.11,119.92,120.0599,78263
2021-02-16 13:45:00,120.03,120.1899,119.94,119.985,85164
2021-02-16 13:30:00,119.935,120.11,119.899,120.02,117568
2021-02-16 13:15:00,119.85,119.9452,119.84,119.94,87928
2021-02-16 13:00:00,119.79,119.8616,119.675,119.83,99435
2021-02-16 12:45:00,119.815,119.83,119.66,119.79,98537
2021-02-16 12:30:00,119.8,119.9,119.68,119.8,145511
2021-02-16 12:15:00,119.7,119.86,119.6145,119.79,136043
2021-02-16 12:00:00,119.75,119.88,119.71,119.71,138682
2021-02-16 11:45:00,119.64,119.76,119.57,119.75,138325
2021-02-16 11:30:00,119.61,119.76,119.55,119.64,133382
2021-02-16 11:15:00,119.78299999999999,119.87,119.52,119.61,164182
2021-02-16 11:00:00,119.67,119.89,119.43,119.795,229528
2021-02-16 10:45:00,119.74,120.015,119.58,119.67,327913
2021-02-16 10:30:00,119.685,119.75,119.36,119.71,306816
2021-02-16 10:15:00,119.66,119.75,119.48,119.7,310535
2021-02-16 10:00:00,119.73,119.9,119.65,119.6561,389511
2021-02-16 09:45:00,120.15,120.6,119.7,119.73,921722
2021-02-16 09:30:00,121.05,121.06,120.19,120.19,12067
2021-02-16 09:15:00,121.3,121.31,121.05,121.05,2769
2021-02-16 08:45:00,121.38,121.38,121.38,121.38,209
2021-02-16 08:30:00,121.74,121.75,121.74,121.75,845
2021-02-16 08:15:00,121.65,121.65,121.4,121.61,1845
2021-02-16 08:00:00,121.41,121.41,121.41,121.41,118
2021-02-16 07:30:00,121.67,121.67,121.64,121.65,732
2021-02-16 07:15:00,122.02,122.02,121.13,121.61,4048
2021-02-16 07:00:00,122.02,122.02,122.02,122.02,178
2021-02-16 05:30:00,121.95,121.95,121.95,121.95,200
2021-02-16 04:45:00,121.8,121.8,121.8,121.8,308
2021-02-16 04:30:00,121.79,121.8,121.79,121.8,492
2021-02-12 20:00:00,120.9,120.9,120.9,120.9,300
2021-02-12 19:30:00,120.9001,120.9001,120.9,120.9,937
2021-02-12 19:00:00,120.91,120.91,120.91,120.91,200
2021-02-12 18:30:00,120.9,120.9,120.9,120.9,275
2021-02-12 18:15:00,120.9,120.9001,120.9,120.9001,579
2021-02-12 17:30:00,120.9,120.9,120.9,120.9,101
2021-02-12 17:15:00,120.91,120.94,120.91,120.94,1393
2021-02-12 17:00:00,120.9,120.92,120.89,120.9,2548
2021-02-12 16:45:00,120.8,120.9,120.8,120.84,9274
2021-02-12 16:30:00,120.75,120.79,120.75,120.79,3112
2021-02-12 16:15:00,120.8,120.8,120.43,120.75,307980
2021-02-12 16:00:00,120.45,120.85,120.435,120.82,434153
2021-02-12 15:45:00,120.37,120.49,120.31,120.46,161607
2021-02-12 15:30:00,120.38,120.435,120.25,120.375,84884
2021-02-12 15:15:00,120.315,120.44,120.27,120.3794,98026
2021-02-12 15:00:00,120.385,120.46,120.28,120.315,80722
2021-02-12 14:45:00,120.2,120.4297,120.19,120.385,101835
2021-02-12 14:30:00,120.13,120.32,120.09,120.19,110484
2021-02-12 14:15:00,120.3,120.3,120.13,120.135,109975
2021-02-12 14:00:00,120.26,120.35,120.26,120.31,94037
2021-02-12 13:45:00,120.38,120.38,120.2277,120.25,89633
2021-02-12 13:30:00,120.465,120.5412,120.32,120.4,99130
2021-02-12 13:15:00,120.49,120.5759,120.44,120.46,83583
2021-02-12 13:00:00,120.54,120.6099,120.45,120.49,62889
2021-02-12 12:45:00,120.535,120.64,120.45,120.552,84409
2021-02-12 12:30:00,120.67,120.7199,120.46,120.53,78982
2021-02-12 12:15:00,120.8,120.85,120.665,120.69,65127
2021-02-12 12:00:00,120.675,120.85,120.66,120.795,77219
2021-02-12 11:45:00,120.73,120.79,120.56,120.675,69700
2021-02-12 11:30:00,120.885,120.9842,120.6595,120.71,70482
2021-02-12 11:15:00,120.93,121.03,120.82,120.905,105982
2021-02-12 11:00:00,121.3199,121.36,120.79,120.94,171361
2021-02-12 10:45:00,120.95,121.32,120.75,121.32,113809
2021-02-12 10:30:00,120.7021,120.95,120.63,120.95,85979
2021-02-12 10:15:00,120.4,120.8,120.35,120.67,94075
2021-02-12 10:00:00,120.62,120.99,120.42,120.42,127511
2021-02-12 09:45:00,121.0,121.1,120.3782,120.6167,325803
2021-02-12 09:30:00,121.17200000000001,121.17200000000001,121.17200000000001,121.17200000000001,266
2021-02-12 09:15:00,120.88,121.0,120.76,120.9,2279
2021-02-12 09:00:00,120.85,120.85,120.8,120.8,716
2021-02-12 08:15:00,120.99,120.99,120.95,120.95,665
2021-02-12 06:00:00,120.9,120.9,120.9,120.9,350
2021-02-11 19:15:00,120.87,120.87,120.87,120.87,312
2021-02-11 17:45:00,120.85,120.8699,120.85,120.8699,307
2021-02-11 17:15:00,120.83,120.83,120.83,120.83,118
2021-02-11 16:45:00,120.87,120.91,120.87,120.91,3037
2021-02-11 16:30:00,120.87,120.87,120.87,120.87,100
2021-02-11 16:15:00,120.91,121.17,120.8,120.91,1238661
2021-02-11 16:00:00,120.96,121.11,120.88,120.9,518093
2021-02-11 15:45:00,121.01,121.16,120.955,120.99,146429
2021-02-11 15:30:00,121.09,121.12,120.98,121.0,120141
2021-02-11 15:15:00,120.929,121.18,120.9,121.09,88491
2021-02-11 15:00:00,121.05,121.055,120.9,120.935,83232
2021-02-11 14:45:00,121.02,121.1255,120.88,121.05,82109
2021-02-11 14:30:00,120.9418,121.085,120.93,121.06,64091
2021-02-11 14:15:00,120.9565,121.08,120.8288,120.95,86394
2021-02-11 14:00:00,120.9366,121.0,120.86,120.96,64345
2021-02-11 13:45:00,120.975,121.04,120.86,120.935,70423
2021-02-11 13:30:00,120.94,121.0597,120.9034,120.98,65888
2021-02-11 13:15:00,120.94,120.98,120.8279,120.9799,51686
2021-02-11 13:00:00,120.77,121.0199,120.64,120.95,86186
2021-02-11 12:45:00,120.68,120.9436,120.63,120.75,100374
2021-02-11 12:30:00,121.0,121.0,120.63,120.665,134907
2021-02-11 12:15:00,120.92,121.04,120.8,121.02,104059
2021-02-11 12:00:00,121.32,121.32,120.89,120.905,130775
2021-02-11 11:45:00,121.1186,121.37,121.105,121.32,71024
2021-02-11 11:30:00,120.915,121.19,120.915,121.0981,80907
2021-02-11 11:15:00,120.94200000000001,121.05,120.68,120.912,157419
2021-02-11 11:00:00,121.22,121.3,120.85,120.96,223570
2021-02-11 10:45:00,121.245,121.3739,121.02,121.2265,116567
2021-02-11 10:30:00,121.32,121.34,121.05,121.23,118903
2021-02-11 10:15:00,121.51,121.7,121.2,121.34,202405
2021-02-11 10:00:00,121.69,121.84,121.44,121.52,216003
2021-02-11 09:45:00,122.0,122.205,121.35,121.74,400729
2021-02-11 09:30:00,122.26,122.39,121.9,122.11,5627
2021-02-11 09:15:00,122.3,122.3,122.3,122.3,107
2021-02-11 09:00:00,122.26,122.26,122.26,122.26,247
2021-02-11 08:45:00,122.3,122.3,122.3,122.3,401
2021-02-11 08:15:00,121.9603,122.23,121.94,122.23,1165
2021-02-11 08:00:00,122.3,122.3,122.3,122.3,200
2021-02-11 07:30:00,122.2,122.2,122.2,122.2,802
2021-02-11 04:45:00,121.93,121.93,121.93,121.93,181
2021-02-10 19:15:00,122.02,122.02,122.02,122.02,200
2021-02-10 18:15:00,122.14,122.14,122.14,122.14,200
2021-02-10 18:00:00,122.1,122.1,122.1,122.1,202
2021-02-10 17:45:00,122.03,122.03,122.02,122.02,491
2021-02-10 17:00:00,122.2,122.2,122.2,122.2,723
2021-02-10 16:45:00,121.76,122.0,121.76,122.0,3526
2021-02-10 16:30:00,122.24,122.25,122.24,122.25,11591
2021-02-10 16:15:00,122.24,122.24,122.24,122.24,74378
2021-02-10 16:00:00,121.8,122.27,121.78,122.26,316386
2021-02-10 15:45:00,122.11,122.19,121.7922,121.7922,215440
2021-02-10 15:30:00,122.02600000000001,122.28,122.01,122.1,144973
2021-02-10 15:15:00,121.89,122.16,121.89,122.025,145787
2021-02-10 15:00:00,121.62,121.9,121.57,121.89,118381
2021-02-10 14:45:00,121.36,121.69,121.34,121.6269,126020
2021-02-10 14:30:00,121.43,121.4513,121.2138,121.34,189821
2021-02-10 14:15:00,121.78,121.82,121.42,121.449,157808
2021-02-10 14:00:00,121.815,121.87,121.706,121.77,76990
2021-02-10 13:45:00,121.88,121.9,121.775,121.825,90512
2021-02-10 13:30:00,121.84,121.91,121.8,121.87,80115
2021-02-10 13:15:00,121.7,121.92,121.58,121.84,127745
2021-02-10 13:00:00,121.695,121.8444,121.61,121.72,100684
2021-02-10 12:45:00,121.79899999999999,121.8146,121.6249,121.7,110818
2021-02-10 12:30:00,122.19,122.215,121.62,121.82,138637
2021-02-10 12:15:00,122.195,122.23,121.99,122.2299,128403
2021-02-10 12:00:00,122.32,122.43,122.09,122.18,168659
2021-02-10 11:45:00,122.3302,122.56,122.16,122.3101,106740
2021-02-10 11:30:00,122.48,122.54,122.25,122.354,108711
2021-02-10 11:15:00,122.78,122.85,122.32,122.4799,172439
2021-02-10 11:00:00,121.98,122.83,121.93,122.79,168523
2021-02-10 10:45:00,122.4,122.52,121.94,122.0,196969
2021-02-10 10:30:00,122.95,123.15,122.37,122.39,268710
2021-02-10 10:15:00,122.99,123.2344,122.84,122.95,170711
2021-02-10 10:00:00,123.165,123.27,122.66,122.975,206309
2021-02-10 09:45:00,123.03,123.41,122.45,123.195,793677
2021-02-10 09:30:00,122.55,123.1,122.53,123.06,10269
2021-02-10 09:15:00,122.6,122.86,122.6,122.86,641
2021-02-10 09:00:00,122.4,122.68,122.4,122.68,1423
2021-02-10 08:45:00,122.25,122.45,122.25,122.4,2286
2021-02-10 08:30:00,122.3899,122.3899,122.3899,122.3899,151
2021-02-10 08:15:00,122.5,122.7,122.21,122.3899,2450
2021-02-10 08:00:00,122.48,122.48,122.48,122.48,330
2021-02-10 07:45:00,122.3,122.31,122.25,122.25,888
2021-02-10 07:30:00,122.45,122.45,122.45,122.45,241
2021-02-10 07:15:00,122.5,122.5,122.4,122.4,922
2021-02-10 06:45:00,123.0,123.0,123.0,123.0,499
2021-02-09 20:00:00,122.45,122.45,122.45,122.45,526
2021-02-09 19:45:00,122.36,122.36,122.36,122.36,500
2021-02-09 19:30:00,122.36,122.36,122.33,122.33,2660
2021-02-09 19:15:00,122.33,122.33,122.33,122.33,200
2021-02-09 19:00:00,122.36,122.36,122.36,122.36,505
2021-02-09 18:30:00,122.36,122.36,122.36,122.36,100
2021-02-09 18:15:00,122.1,122.1,122.1,122.1,1519
2021-02-09 18:00:00,122.32,122.32,122.32,122.32,345
2021-02-09 17:45:00,122.3,122.33,122.3,122.31,511
2021-02-09 17:30:00,122.25,122.26,122.25,122.25,1076
2021-02-09 16:45:00,122.3,122.3,122.2,122.2,540
2021-02-09 16:30:00,122.27,122.28,122.27,122.28,2045
2021-02-09 16:15:00,122.1,125.37,122.1,122.1,182612
2021-02-09 16:00:00,122.23,122.28,122.0,122.07,416227
2021-02-09 15:45:00,122.415,122.42,122.225,122.23,171186
2021-02-09 15:30:00,122.38,122.4178,122.26,122.41,105194
2021-02-09 15:15:00,122.2,122.39,122.185,122.38,178949
2021-02-09 15:00:00,122.17,122.23,122.08,122.21,109913
2021-02-09 14:45:00,122.125,122.26,122.125,122.16,106378
2021-02-09 14:30:00,122.17,122.27,122.11,122.11,118463
2021-02-09 14:15:00,122.05,122.205,122.0422,122.1999,81900
2021-02-09 14:00:00,122.16,122.21,122.03,122.045,107431
2021-02-09 13:45:00,122.1584,122.34,122.139,122.169,123473
2021-02-09 13:30:00,122.4116,122.4199,122.14,122.14,108815
2021-02-09 13:15:00,122.5366,122.5366,122.31299999999999,122.41,77702
2021-02-09 13:00:00,122.31,122.5953,122.31,122.535,84948
2021-02-09 12:45:00,122.38,122.41,122.21,122.325,215694
2021-02-09 12:30:00,121.865,122.4099,121.865,122.36,267383
2021-02-09 12:15:00,121.81,121.9399,121.715,121.86,110420
2021-02-09 12:00:00,121.88,121.95,121.81,121.81700000000001,116324
2021-02-09 11:45:00,121.925,122.05,121.81,121.88,106686
2021-02-09 11:30:00,121.98,122.005,121.8107,121.9201,94579
2021-02-09 11:15:00,122.08,122.08,121.66,121.9802,122200
2021-02-09 11:00:00,121.92,122.28,121.74,122.04,180948
2021-02-09 10:45:00,121.655,121.99,121.5741,121.92,129466
2021-02-09 10:30:00,121.515,121.67,121.31,121.67,125557
2021-02-09 10:15:00,121.5,121.69,121.37,121.51,166776
2021-02-09 10:00:00,121.25,121.7,121.23,121.48,174835
2021-02-09 09:45:00,121.9,121.93,121.05,121.25,605762
2021-02-09 09:30:00,121.93,122.0,121.81,121.81,6030
2021-02-09 09:15:00,121.91,122.0,121.61,121.82,5409
2021-02-09 09:00:00,121.67,121.86,121.64,121.86,10161
2021-02-09 08:45:00,121.62,121.75,121.6,121.66,4700
2021-02-09 08:30:00,121.35,121.62,121.35,121.6,7550
2021-02-09 08:15:00,121.99,122.24,121.25,121.25,15073
2021-02-09 07:45:00,121.63,121.63,121.5,121.5,1867
2021-02-09 07:30:00,121.64,121.79,121.5,121.5,5887
2021-02-09 07:15:00,122.19,122.3,121.63,121.63,10347
2021-02-09 07:00:00,122.0,122.0,122.0,122.0,516
2021-02-09 06:30:00,122.0,122.0,122.0,122.0,260
2021-02-09 05:45:00,122.4,122.4,122.4,122.4,608
2021-02-09 05:00:00,122.8,122.8,122.8,122.8,307
2021-02-08 20:00:00,121.88289824600001,121.88289824600001,121.88289824600001,121.88289824600001,206
2021-02-08 19:45:00,121.88289824600001,121.902634769,121.88289824600001,121.902634769,470
2021-02-08 18:45:00,121.97171259999999,121.97171259999999,121.97171259999999,121.97171259999999,350
2021-02-08 18:30:00,121.97171259999999,121.97171259999999,121.97171259999999,121.97171259999999,100
2021-02-08 18:15:00,121.873029985,121.96184433799999,121.873029985,121.96184433799999,1226
2021-02-08 18:00:00,121.95197607700001,121.95197607700001,121.95197607700001,121.95197607700001,100
2021-02-08 17:30:00,121.85329346200001,121.873029985,121.85329346200001,121.873029985,2842
2021-02-08 17:15:00,121.88289824600001,121.88289824600001,121.85329346200001,121.873029985,1498
2021-02-08 17:00:00,121.942107815,122.030922169,121.942107815,121.981580862,10745
2021-02-08 16:45:00,121.942107815,121.981580862,121.942107815,121.981580862,1280
2021-02-08 16:30:00,121.981580862,121.981580862,121.97171259999999,121.97171259999999,1021
2021-02-08 16:15:00,121.981580862,122.021053908,121.942107815,121.942107815,326065
2021-02-08 16:00:00,121.792998384,122.011185646,121.636191708,121.912503031,612024
2021-02-08 15:45:00,121.705269539,121.823688677,121.606586923,121.78421563100001,190784
2021-02-08 15:30:00,121.66579649200001,121.78421563100001,121.603626445,121.70033540799999,158588
2021-02-08 15:15:00,121.76447910799999,121.78421563100001,121.636191708,121.660862362,139577
2021-02-08 15:00:00,121.88289824600001,121.927897519,121.685533015,121.754610846,122102
2021-02-08 14:45:00,121.616455185,121.88289824600001,121.54737735399999,121.876385194,192141
2021-02-08 14:30:00,121.428958215,121.65000727399999,121.428958215,121.611521054,80841
2021-02-08 14:15:00,121.409221692,121.56711387700001,121.382281338,121.446523721,109583
2021-02-08 14:00:00,121.42451749799999,121.527640831,121.359880385,121.409221692,100757
2021-02-08 13:45:00,121.606586923,121.641125839,121.310539077,121.428958215,127054
2021-02-08 13:30:00,121.754610846,121.76447910799999,121.46843126200001,121.606586923,188782
2021-02-08 13:15:00,121.725006062,121.793787844,121.626323446,121.71513780000001,88941
2021-02-08 13:00:00,121.655928231,121.823688677,121.557245615,121.754610846,299049
2021-02-08 12:45:00,121.685533015,121.73487432299999,121.488167785,121.655928231,106637
2021-02-08 12:30:00,121.399550796,121.695401277,121.39935343100001,121.695401277,130257
2021-02-08 12:15:00,121.369748646,121.453431504,121.359880385,121.39935343100001,119101
2021-02-08 12:00:00,121.21185646200001,121.46843126200001,121.154719227,121.369748646,98539
2021-02-08 11:45:00,121.276000162,121.37961690799999,121.18225167700001,121.221724723,125813
2021-02-08 11:30:00,120.965149923,121.281921119,120.915808616,121.276000162,110161
2021-02-08 11:15:00,120.91788095,121.131923543,120.905940354,120.965149923,150013
2021-02-08 11:00:00,120.955281662,121.16251515399999,120.856599046,120.920742746,174814
2021-02-08 10:45:00,121.274914653,121.389485169,120.856599046,120.955182979,218820
2021-02-08 10:30:00,121.251329508,121.507904308,121.241461246,121.26119776899999,199740
2021-02-08 10:15:00,121.725006062,121.892766508,121.08356906200001,121.231592985,189336
2021-02-08 10:00:00,121.96184433799999,122.16907783100001,121.481161319,121.675664754,329072
2021-02-08 09:45:00,121.004622969,122.343450012,120.787521216,121.97171259999999,751915
2021-02-08 09:30:00,121.132910369,121.132910369,121.034227754,121.044096016,4139
2021-02-08 09:15:00,121.18225167700001,121.192119939,121.09343732299999,121.09343732299999,4213
2021-02-08 09:00:00,121.28093429200001,121.28093429200001,120.984886446,121.0737008,3249
2021-02-08 08:45:00,121.320407339,121.340143862,121.28093429200001,121.310539077,4791
2021-02-08 08:30:00,121.12304210799999,121.33027560000001,121.053964277,121.33027560000001,5633
2021-02-08 08:15:00,120.49147336899999,121.37961690799999,120.49147336899999,121.37961690799999,20413
2021-02-08 08:00:00,120.836862523,120.87633556899999,120.836862523,120.87633556899999,540
2021-02-08 07:45:00,120.836862523,120.836862523,120.82699426200001,120.82699426200001,506
2021-02-08 07:30:00,120.866467308,120.886203831,120.866467308,120.886203831,1496
2021-02-08 07:15:00,120.757916431,120.87633556899999,120.590155985,120.590155985,2698
2021-02-08 07:00:00,121.369748646,121.369748646,121.369748646,121.369748646,242
2021-02-08 06:45:00,120.886203831,121.034227754,120.886203831,121.034227754,698
2021-02-08 06:30:00,120.767784692,120.886203831,120.767784692,120.886203831,1050
2021-02-08 05:45:00,120.787521216,120.787521216,120.787521216,120.787521216,631
2021-02-08 05:30:00,120.678970339,120.678970339,120.678970339,120.678970339,451
2021-02-08 05:00:00,120.481605108,120.481605108,120.481605108,120.481605108,359
2021-02-05 19:00:00,120.185557262,120.185557262,120.185557262,120.185557262,164
2021-02-05 18:45:00,120.185557262,120.185557262,120.185557262,120.185557262,401
2021-02-05 18:30:00,120.215162046,120.22503030799999,120.185557262,120.185557262,774
2021-02-05 18:15:00,120.215162046,120.215162046,120.215162046,120.215162046,100
2021-02-05 17:45:00,120.195425523,120.195425523,120.195425523,120.195425523,398
2021-02-05 17:15:00,120.185557262,120.185557262,120.185557262,120.185557262,397
2021-02-05 17:00:00,120.195425523,120.195425523,120.116479431,120.195425523,1674
2021-02-05 16:45:00,120.077006385,120.077006385,120.05726986200001,120.06713812299999,982
2021-02-05 16:30:00,120.185557262,120.185557262,120.185557262,120.185557262,43699
2021-02-05 16:15:00,120.185557262,120.215162046,120.12634769299999,120.185557262,92036
2021-02-05 16:00:00,119.84016810799999,120.205293785,119.84016810799999,120.17568899999999,349370
2021-02-05 15:45:00,119.82536571600001,119.948718985,119.731617231,119.840069425,143688
2021-02-05 15:30:00,119.988192031,120.03753333899999,119.800695062,119.820431585,125060
2021-02-05 15:15:00,119.95858724600001,120.02766507700001,119.909245939,119.978323769,110147
2021-02-05 15:00:00,119.998060293,119.998060293,119.85003637,119.94881766799999,98543
2021-02-05 14:45:00,119.88950941600001,120.06713812299999,119.879641154,120.007928554,99767
2021-02-05 14:30:00,119.88950941600001,119.96845550799999,119.761222016,119.899377677,94454
2021-02-05 14:15:00,119.871647862,119.948718985,119.80720811399999,119.89089097200001,94239
2021-02-05 14:00:00,119.77109027700001,119.879641154,119.751353754,119.86691109700001,69390
2021-02-05 13:45:00,119.800695062,119.869871575,119.731617231,119.77109027700001,84642
2021-02-05 13:30:00,119.77276788200001,119.884970015,119.714841186,119.810563323,74566
2021-02-05 13:15:00,119.84016810799999,119.899377677,119.731617231,119.77109027700001,68558
2021-02-05 13:00:00,119.623066354,119.859904631,119.578659177,119.859904631,100023
2021-02-05 12:45:00,119.38109658100001,119.711880708,119.33688677,119.60332983100001,81233
2021-02-05 12:30:00,119.40596459999999,119.544120262,119.327018508,119.397675261,105390
2021-02-05 12:15:00,119.495667098,119.495667098,119.317150247,119.40596459999999,112364
2021-02-05 12:00:00,119.445437646,119.64280287700001,119.38622807700001,119.50464721600001,108609
2021-02-05 11:45:00,119.68227592299999,119.721946335,119.445437646,119.445437646,117313
2021-02-05 11:30:00,119.59346157,119.711880708,119.415832862,119.681289097,161158
2021-02-05 11:15:00,119.79082679999999,119.85497050000001,119.534252,119.59346157,120553
2021-02-05 11:00:00,119.973488321,119.998060293,119.741485493,119.776024408,167515
2021-02-05 10:45:00,119.65267113899999,120.02766507700001,119.65267113899999,119.96845550799999,202560
2021-02-05 10:30:00,119.186790512,119.731617231,119.126988847,119.621882163,138932
2021-02-05 10:15:00,119.72174897,119.859904631,119.19873110799999,119.19873110799999,231347
2021-02-05 10:00:00,119.10004849299999,120.136215954,119.070443708,119.711880708,196463
2021-02-05 09:45:00,119.40596459999999,119.830299846,118.93228804700001,119.129653277,488529
2021-02-05 09:30:00,119.780958539,119.85003637,119.307281985,119.307281985,7444
2021-02-05 09:15:00,119.800695062,119.85003637,119.711880708,119.85003637,1747
2021-02-05 09:00:00,119.84016810799999,119.85003637,119.751353754,119.751353754,2125
2021-02-05 08:45:00,119.780958539,119.84016810799999,119.780958539,119.84016810799999,2395
2021-02-05 08:30:00,119.68227592299999,119.780958539,119.68227592299999,119.780958539,365
2021-02-05 08:15:00,119.770596864,119.770596864,119.50464721600001,119.50464721600001,548
2021-02-05 07:30:00,119.67240766200001,119.67240766200001,119.67240766200001,119.67240766200001,240
2021-02-05 07:15:00,119.67240766200001,119.67240766200001,119.46517417,119.46517417,2566
2021-02-05 05:00:00,119.40596459999999,119.40596459999999,119.40596459999999,119.40596459999999,423
2021-02-04 20:00:00,119.248072416,119.248072416,119.248072416,119.248072416,100
2021-02-04 19:45:00,119.40596459999999,119.40596459999999,119.27767720000001,119.27767720000001,221
2021-02-04 19:30:00,119.307281985,119.307281985,119.307281985,119.307281985,320
2021-02-04 19:00:00,119.40596459999999,119.40596459999999,119.40596459999999,119.40596459999999,400
2021-02-04 18:45:00,119.396096339,119.396096339,119.356623293,119.356623293,389
2021-02-04 18:30:00,119.36649155399999,119.396096339,119.356623293,119.396096339,1021
2021-02-04 18:15:00,119.228335893,119.396096339,119.228335893,119.396096339,698
2021-02-04 18:00:00,119.20859937,119.425701123,119.20859937,119.238204154,2745
2021-02-04 17:45:00,119.396096339,119.396096339,119.396096339,119.396096339,602
2021-02-04 17:30:00,119.159258062,119.159258062,119.159258062,119.159258062,558
2021-02-04 17:15:00,119.159258062,119.159258062,119.159258062,119.159258062,100
2021-02-04 17:00:00,119.396096339,119.396096339,119.396096339,119.396096339,1116
2021-02-04 16:45:00,119.396096339,119.396096339,119.396096339,119.396096339,512
2021-02-04 16:30:00,119.27767720000001,119.396096339,119.040838923,119.396096339,1250
2021-02-04 16:15:00,119.425701123,119.50464721600001,119.396096339,119.425701123,112663
2021-02-04 16:00:00,119.08031197,119.50464721600001,119.039753415,119.425701123,443956
2021-02-04 15:45:00,119.06550957700001,119.159258062,119.01616827,119.08031197,158274
2021-02-04 15:30:00,118.912255476,119.08524609999999,118.83360543100001,119.051792694,128473
2021-02-04 15:15:00,118.983504324,118.986563485,118.853341954,118.91255152299999,96379
2021-02-04 15:00:00,118.95202457,119.040838923,118.84347369299999,118.98261618,95017
2021-02-04 14:45:00,118.87959153,119.050707185,118.86814434700001,118.961892831,88125
2021-02-04 14:30:00,119.011234139,119.011234139,118.80400064700001,118.873078477,118286
2021-02-04 14:15:00,118.73492281600001,119.030970662,118.675713247,119.00136587700001,126740
2021-02-04 14:00:00,118.78426412299999,118.843572375,118.61650367700001,118.744791077,90753
2021-02-04 13:45:00,118.586898893,118.831434414,118.56222823899999,118.78426412299999,89880
2021-02-04 13:30:00,118.73492281600001,118.73492281600001,118.532623454,118.591833024,98442
2021-02-04 13:15:00,118.54742584700001,118.739856947,118.512886931,118.725054554,82213
2021-02-04 13:00:00,118.655976724,118.69544977,118.527689324,118.557294108,106947
2021-02-04 12:45:00,118.705318031,118.83360543100001,118.626371939,118.675713247,73397
2021-02-04 12:30:00,118.82373717,118.84327632700001,118.586898893,118.725054554,137976
2021-02-04 12:15:00,118.767389396,118.863210216,118.73492281600001,118.8286713,91850
2021-02-04 12:00:00,118.69544977,118.873078477,118.69544977,118.774395862,94773
2021-02-04 11:45:00,118.84347369299999,118.873078477,118.665943668,118.675713247,129391
2021-02-04 11:30:00,118.853341954,119.050707185,118.675713247,118.853341954,165509
2021-02-04 11:15:00,118.705318031,118.997615938,118.537557585,118.863210216,185170
2021-02-04 11:00:00,118.853341954,118.991497616,118.675713247,118.675713247,152710
2021-02-04 10:45:00,118.59676715399999,118.853341954,118.59676715399999,118.844657884,155268
2021-02-04 10:30:00,118.70038390000002,118.750712034,118.532623454,118.58196476200001,231934
2021-02-04 10:15:00,118.236575608,118.73492281600001,118.142827124,118.71508761,227056
2021-02-04 10:00:00,117.639545785,118.271114524,117.432312293,118.221773216,211736
2021-02-04 09:45:00,118.33032409299999,118.409270185,117.30402489299999,117.64941404700001,402773
2021-02-04 09:30:00,117.84677927700001,118.35006061600001,117.728360139,118.320455831,8731
2021-02-04 09:15:00,118.024407985,118.024407985,117.905988847,117.905988847,673
2021-02-04 09:00:00,117.935593631,118.07374929299999,117.935593631,118.024407985,1993
2021-02-04 08:45:00,117.92572537,117.94546189299999,117.905988847,117.92572537,4358
2021-02-04 08:30:00,117.92572537,117.92572537,117.92572537,117.92572537,376
2021-02-04 08:15:00,117.925626687,118.083617554,117.728360139,118.07374929299999,2317
2021-02-04 07:45:00,118.123090601,118.123090601,118.123090601,118.123090601,510
2021-02-04 07:30:00,117.866515801,118.123090601,117.866515801,118.123090601,2682
2021-02-04 07:15:00,117.60994100100001,117.915857108,117.60994100100001,117.866515801,504
2021-02-04 07:00:00,117.59020447700001,117.59020447700001,117.59020447700001,117.59020447700001,298
2021-02-03 19:30:00,117.698755354,117.698755354,117.698755354,117.698755354,1000
2021-02-03 19:15:00,117.570467954,117.570467954,117.550731431,117.550731431,1159
2021-02-03 19:00:00,117.629677524,117.629677524,117.600072739,117.600072739,847
2021-02-03 18:45:00,117.629677524,117.629677524,117.629677524,117.629677524,300
2021-02-03 18:30:00,117.64941404700001,117.67901883100001,117.629677524,117.629677524,994
2021-02-03 18:00:00,117.600072739,117.600072739,117.600072739,117.600072739,155
2021-02-03 17:15:00,117.629677524,117.67901883100001,117.550731431,117.550731431,1084
2021-02-03 16:30:00,117.698755354,117.708623616,117.49152186200001,117.49152186200001,4171
2021-02-03 16:15:00,117.550731431,117.629677524,117.550731431,117.570467954,94304
2021-02-03 16:00:00,118.019473854,118.04414450799999,117.54086317,117.54086317,442405
2021-02-03 15:45:00,118.123090601,118.13295886200001,117.886252324,118.014539724,216301
2021-02-03 15:30:00,117.905988847,118.221773216,117.896120585,118.11815647,256261
2021-02-03 15:15:00,117.56059969299999,117.905988847,117.56059969299999,117.905988847,172302
2021-02-03 15:00:00,117.511258385,117.600072739,117.422444031,117.570467954,109102
2021-02-03 14:45:00,117.530994908,117.639545785,117.481653601,117.511258385,122535
2021-02-03 14:30:00,117.452048816,117.60994100100001,117.433397802,117.511258385,129958
2021-02-03 14:15:00,117.382970985,117.452048816,117.264551847,117.44218055399999,262433
2021-02-03 14:00:00,117.432312293,117.432312293,117.264551847,117.38415517700001,124824
2021-02-03 13:45:00,117.294156631,117.496455993,117.195474016,117.432312293,132089
2021-02-03 13:30:00,117.32376141600001,117.38079996799999,117.195474016,117.28428837,154034
2021-02-03 13:15:00,117.461917078,117.575402085,117.28428837,117.333629678,124250
2021-02-03 13:00:00,117.333629678,117.570467954,117.29899208,117.45737767700001,195979
2021-02-03 12:45:00,117.279354239,117.41257577,117.165869231,117.33856380799999,138658
2021-02-03 12:30:00,117.17573749299999,117.294156631,117.057318354,117.274518791,154738
2021-02-03 12:15:00,117.264551847,117.294156631,116.98824052399999,117.17573749299999,230817
2021-02-03 12:00:00,117.234947062,117.461917078,117.165869231,117.244815324,191173
2021-02-03 11:45:00,117.136264447,117.27442010799999,117.00797704700001,117.215210539,161180
2021-02-03 11:30:00,117.116527924,117.264551847,116.966135618,117.136264447,169235
2021-02-03 11:15:00,117.249749454,117.30392621,116.904360301,117.126396185,154665
2021-02-03 11:00:00,116.800743555,117.432312293,116.791862119,117.249749454,258618
2021-02-03 10:45:00,116.751402247,116.88955790799999,116.672456155,116.800743555,242241
2021-02-03 10:30:00,116.948767478,117.057318354,116.70206093899999,116.741533985,294854
2021-02-03 10:15:00,117.185605754,117.254683585,116.89942617,116.958635739,241202
2021-02-03 10:00:00,116.98824052399999,117.353366201,116.563905278,117.165869231,543297
2021-02-03 09:45:00,117.471785339,117.718491877,116.692192678,117.009654651,860826
2021-02-03 09:30:00,118.07374929299999,118.07374929299999,117.461917078,117.461917078,28553
2021-02-03 09:15:00,118.024407985,118.192168431,118.024407985,118.192168431,1175
2021-02-03 09:00:00,118.03427624700001,118.202036693,118.03427624700001,118.202036693,710
2021-02-03 08:45:00,118.221773216,118.221773216,118.202036693,118.202036693,487
2021-02-03 08:30:00,118.142827124,118.142827124,118.123090601,118.123090601,615
2021-02-03 08:15:00,118.221674533,118.33772528899999,118.004671462,118.004671462,996
2021-02-03 08:00:00,118.004671462,118.004671462,117.975066677,117.975066677,1378
2021-02-03 07:45:00,118.03427624700001,118.21190495399999,118.004671462,118.21190495399999,2371
2021-02-03 07:30:00,118.241509739,118.251378,118.241509739,118.251378,807
2021-02-03 07:15:00,118.45861149299999,118.468479754,118.123090601,118.123090601,3332
2021-02-03 04:45:00,118.478348016,118.478348016,118.478348016,118.478348016,312
2021-02-03 04:15:00,117.975066677,117.975066677,117.975066677,117.975066677,500
2021-02-02 20:00:00,118.06388103100001,118.16256364700001,118.06388103100001,118.16256364700001,302
2021-02-02 19:45:00,118.06388103100001,118.06388103100001,118.06388103100001,118.06388103100001,325
2021-02-02 19:30:00,117.94546189299999,118.024407985,117.94546189299999,118.024407985,1727
2021-02-02 19:15:00,118.004671462,118.004671462,117.975066677,117.975066677,2216
2021-02-02 19:00:00,118.004671462,118.004671462,118.004671462,118.004671462,150
2021-02-02 18:45:00,118.03417756399999,118.03417756399999,117.975066677,117.975066677,360
2021-02-02 18:30:00,117.975066677,117.975066677,117.975066677,117.975066677,470
2021-02-02 18:15:00,117.975066677,118.063782349,117.975066677,118.063782349,760
2021-02-02 18:00:00,118.05401277,118.05401277,118.05401277,118.05401277,200
2021-02-02 17:45:00,117.984934939,118.024407985,117.975066677,117.975066677,497
2021-02-02 17:30:00,117.92572537,117.975066677,117.92572537,117.975066677,1507
2021-02-02 17:15:00,117.975066677,117.975066677,117.975066677,117.975066677,940
2021-02-02 17:00:00,117.975066677,117.975066677,117.975066677,117.975066677,483
2021-02-02 16:45:00,118.024407985,118.024407985,117.866515801,117.866515801,8449
2021-02-02 16:30:00,117.975066677,118.024407985,117.905988847,117.905988847,1797
2021-02-02 16:15:00,117.866515801,118.320455831,117.866515801,117.866515801,159271
2021-02-02 16:00:00,118.05401277,118.142827124,117.807306231,117.896120585,616073
2021-02-02 15:45:00,118.103354077,118.18230017,118.02934211600001,118.05401277,260860
2021-02-02 15:30:00,118.07374929299999,118.21190495399999,118.03427624700001,118.11124868700001,155342
2021-02-02 15:15:00,118.202036693,118.228977047,118.03427624700001,118.083617554,174949
2021-02-02 15:00:00,118.300719308,118.320455831,118.13295886200001,118.202036693,172172
2021-02-02 14:45:00,118.33032409299999,118.389533662,118.26124626200001,118.300719308,174051
2021-02-02 14:30:00,118.37966540000001,118.397526954,118.271114524,118.33032409299999,105337
2021-02-02 14:15:00,118.31058757,118.399401924,118.23164147700001,118.369797139,107184
2021-02-02 14:00:00,118.369797139,118.37966540000001,118.271114524,118.32933726700001,108907
2021-02-02 13:45:00,118.478348016,118.537557585,118.35006061600001,118.35006061600001,127293
2021-02-02 13:30:00,118.586898893,118.61650367700001,118.424072577,118.478348016,87170
2021-02-02 13:15:00,118.646108462,118.646207145,118.5079528,118.586898893,101683
2021-02-02 13:00:00,118.33032409299999,118.65104259299999,118.301706134,118.61650367700001,105647
2021-02-02 12:45:00,118.33032409299999,118.369797139,118.251378,118.31552169999999,94279
2021-02-02 12:30:00,118.31058757,118.409270185,118.18230017,118.33032409299999,133218
2021-02-02 12:15:00,118.340192354,118.45861149299999,118.31058757,118.31058757,135734
2021-02-02 12:00:00,118.354994747,118.51782106200001,118.33032409299999,118.345126485,145320
2021-02-02 11:45:00,118.335949002,118.725054554,118.31058757,118.359928877,149421
2021-02-02 11:30:00,118.51782106200001,118.577030631,118.320455831,118.369797139,142801
2021-02-02 11:15:00,118.226707347,118.606635416,118.202036693,118.522755193,131905
2021-02-02 11:00:00,118.23164147700001,118.488216277,117.99480320100001,118.241509739,207194
2021-02-02 10:45:00,118.61650367700001,118.69544977,118.23164147700001,118.241509739,178353
2021-02-02 10:30:00,118.586898893,119.159258062,118.47094682,118.61650367700001,394865
2021-02-02 10:15:00,118.389434979,118.91255152299999,118.276048654,118.59508955,395350
2021-02-02 10:00:00,118.014539724,118.488216277,117.950396024,118.36486300799999,392564
2021-02-02 09:45:00,117.78756970799999,119.40596459999999,117.708623616,118.05401277,835500
2021-02-02 09:30:00,119.55398852299999,119.702012446,117.353366201,117.600072739,34525
2021-02-02 09:15:00,119.59346157,119.68227592299999,119.56405415,119.68227592299999,1383
2021-02-02 09:00:00,119.810563323,119.830299846,119.692144185,119.701815081,4015
2021-02-02 08:45:00,119.59346157,119.65267113899999,119.59346157,119.65267113899999,3313
2021-02-02 08:30:00,119.494778954,119.632934616,119.494778954,119.55398852299999,958
2021-02-02 08:15:00,119.455207225,119.64280287700001,119.415832862,119.64280287700001,2079
2021-02-02 08:00:00,119.64280287700001,119.64280287700001,119.64280287700001,119.64280287700001,538
2021-02-02 07:45:00,119.534252,119.534252,119.534252,119.534252,100
2021-02-02 07:30:00,119.445437646,119.445437646,119.435569385,119.435569385,1000
2021-02-02 07:15:00,119.50464721600001,119.50464721600001,119.435569385,119.435569385,592
2021-02-02 04:15:00,119.40596459999999,119.40596459999999,119.40596459999999,119.40596459999999,203
2021-02-01 19:30:00,118.91255152299999,118.91255152299999,118.91255152299999,118.91255152299999,176
2021-02-01 19:00:00,119.11978501600001,119.11978501600001,119.11978501600001,119.11978501600001,223
2021-02-01 18:45:00,118.93228804700001,118.98162935399999,118.93228804700001,118.98162935399999,1727
2021-02-01 18:15:00,118.90268326200001,118.91255152299999,118.90268326200001,118.91255152299999,1537
2021-02-01 17:45:00,118.744791077,118.744791077,118.73492281600001,118.73492281600001,500
2021-02-01 17:30:00,118.91255152299999,118.95202457,118.91255152299999,118.91255152299999,20006
2021-02-01 17:15:00,118.86301285100001,118.863210216,118.86301285100001,118.863210216,365
2021-02-01 17:00:00,118.95202457,118.95202457,118.56716237,118.863210216,4150
2021-02-01 16:45:00,118.586898893,118.586898893,118.586898893,118.586898893,152
2021-02-01 16:15:00,118.95202457,119.16912632299999,118.95202457,118.95202457,66947
2021-02-01 16:00:00,118.95202457,119.10004849299999,118.80400064700001,118.942156308,510999
2021-02-01 15:45:00,118.91748565399999,119.109916754,118.705318031,118.971761093,323396
2021-02-01 15:30:00,119.090180231,119.13843603,118.895479431,118.942156308,117951
2021-02-01 15:15:00,119.19873110799999,119.27767720000001,119.045773054,119.08968681799999,130645
2021-02-01 15:00:00,119.129653277,119.228335893,119.08031197,119.19873110799999,141631
2021-02-01 14:45:00,119.15136345299999,119.356623293,119.11978501600001,119.128863816,137414
2021-02-01 14:30:00,118.78426412299999,119.159159379,118.774395862,119.15432393100001,122426
2021-02-01 14:15:00,118.78426412299999,118.853341954,118.76452759999998,118.774395862,111058
2021-02-01 14:00:00,118.71518629299999,118.84347369299999,118.685581508,118.769461731,104200
2021-02-01 13:45:00,118.971761093,119.11978501600001,118.577030631,118.705318031,137822
2021-02-01 13:30:00,118.873078477,119.030970662,118.853440637,118.989523963,131435
2021-02-01 13:15:00,118.71518629299999,118.90268326200001,118.59676715399999,118.863210216,184377
2021-02-01 13:00:00,118.172530591,118.73492281600001,118.172530591,118.725054554,148509
2021-02-01 12:45:00,118.23164147700001,118.488216277,118.18230017,118.18230017,176990
2021-02-01 12:30:00,118.31552169999999,118.369797139,118.172431908,118.23164147700001,121767
2021-02-01 12:15:00,118.03427624700001,118.320455831,117.99480320100001,118.31058757,151809
2021-02-01 12:00:00,118.172431908,118.251378,117.75796492399999,117.98000080799999,172088
2021-02-01 11:45:00,117.984934939,118.369797139,117.82714143700001,118.152695385,213763
2021-02-01 11:30:00,117.481653601,118.05401277,117.353366201,117.98000080799999,355026
2021-02-01 11:15:00,117.215210539,117.718491877,117.165869231,117.452048816,359204
2021-02-01 11:00:00,117.40270750799999,117.452048816,117.17573749299999,117.244815324,207589
2021-02-01 10:45:00,117.333629678,117.65928230799999,117.333629678,117.39283924700001,254735
2021-02-01 10:30:00,117.54086317,117.866515801,117.32376141600001,117.324156146,266627
2021-02-01 10:15:00,117.915857108,117.94546189299999,117.461917078,117.54579730100001,200794
2021-02-01 10:00:00,118.083617554,118.162464964,117.538396104,117.965198416,323526
2021-02-01 09:45:00,118.320455831,118.41913844700001,117.481653601,118.123090601,604104
2021-02-01 09:30:00,118.241509739,118.320455831,118.22187189799999,118.320455831,5049
2021-02-01 09:15:00,118.320455831,118.320455831,118.221773216,118.300719308,1488
2021-02-01 09:00:00,118.251378,118.41913844700001,118.251378,118.280982785,1531
2021-02-01 08:45:00,118.320455831,118.320455831,118.16256364700001,118.251180635,1881
2021-02-01 08:30:00,118.202036693,118.271114524,118.202036693,118.271114524,682
2021-02-01 08:15:00,118.271410571,118.320455831,118.152695385,118.31058757,5458
2021-02-01 08:00:00,118.320455831,118.320455831,118.280982785,118.290851047,2549
2021-02-01 07:45:00,118.241509739,118.241509739,118.241509739,118.241509739,650
2021-02-01 07:30:00,118.37966540000001,118.37966540000001,118.18230017,118.23164147700001,965
2021-02-01 07:15:00,118.369797139,118.44874323100001,117.965198416,118.320455831,3041
2021-02-01 06:15:00,118.478348016,118.478348016,118.31058757,118.31058757,1219
2021-02-01 05:00:00,118.537557585,118.537557585,118.537557585,118.537557585,281
2021-02-01 04:15:00,118.41913844700001,118.41913844700001,118.41913844700001,118.41913844700001,1000
2021-01-29 20:00:00,117.56059969299999,117.56059969299999,117.452048816,117.452048816,827
2021-01-29 19:45:00,117.570467954,117.570467954,117.44218055399999,117.44218055399999,205
2021-01-29 19:00:00,117.580336216,117.580336216,117.580336216,117.580336216,100
2021-01-29 18:45:00,117.580336216,117.580336216,117.580336216,117.580336216,484
2021-01-29 18:30:00,117.44218055399999,117.530994908,117.44218055399999,117.530994908,440
2021-01-29 18:15:00,117.521126647,117.521126647,117.521126647,117.521126647,1005
2021-01-29 18:00:00,117.54086317,117.54086317,117.432312293,117.432312293,773
2021-01-29 17:45:00,117.481653601,117.481653601,117.481653601,117.481653601,225
2021-01-29 17:30:00,117.521126647,117.521126647,117.432410976,117.432410976,953
2021-01-29 17:15:00,117.44218055399999,117.44218055399999,117.41257577,117.432312293,692
2021-01-29 17:00:00,117.471785339,117.471785339,117.432312293,117.432312293,913
2021-01-29 16:45:00,117.54086317,117.550731431,117.54086317,117.54086317,27351
2021-01-29 16:30:00,117.60994100100001,117.60994100100001,117.432312293,117.54086317,3955
2021-01-29 16:15:00,117.629677524,117.629677524,117.432312293,117.432312293,716824
2021-01-29 16:00:00,117.54086317,118.004671462,117.333629678,117.471785339,1091769
2021-01-29 15:45:00,118.300719308,118.43887497,117.535929039,117.54086317,338644
2021-01-29 15:30:00,118.369797139,118.51782106200001,118.18230017,118.320455831,167840
2021-01-29 15:15:00,117.915857108,118.43887497,117.905988847,118.354994747,200277
2021-01-29 15:00:00,118.11815647,118.290851047,117.896120585,117.896120585,187675
2021-01-29 14:45:00,117.92572537,118.345126485,117.432312293,118.123090601,264556
2021-01-29 14:30:00,118.42900670799999,118.468479754,117.87638406200001,117.965198416,435240
2021-01-29 14:15:00,117.905988847,118.49808453899999,117.896120585,118.43887497,172679
2021-01-29 14:00:00,118.557294108,118.655976724,117.886252324,117.91092297700001,268921
2021-01-29 13:45:00,118.527689324,118.6362402,118.389533662,118.532623454,127475
2021-01-29 13:30:00,118.31058757,118.56676763899999,118.024407985,118.5079528,203504
2021-01-29 13:15:00,118.251378,118.527689324,118.123090601,118.318186131,130591
2021-01-29 13:00:00,118.31058757,118.606635416,117.94546189299999,118.251378,319760
2021-01-29 12:45:00,118.37966540000001,118.577030631,118.11322233899999,118.290851047,361067
2021-01-29 12:30:00,118.59676715399999,118.606635416,118.123090601,118.369797139,364976
2021-01-29 12:15:00,118.56716237,118.873078477,118.468479754,118.606635416,154509
2021-01-29 12:00:00,118.84347369299999,118.863210216,118.424072577,118.602490746,197595
2021-01-29 11:45:00,118.488216277,118.89281499999998,118.41420431600001,118.853341954,258095
2021-01-29 11:30:00,118.665844985,118.885808535,118.43887497,118.478348016,179275
2021-01-29 11:15:00,119.159258062,119.25794067700001,118.665844985,118.68064737700001,164641
2021-01-29 11:00:00,119.109916754,119.415832862,119.030970662,119.159258062,195759
2021-01-29 10:45:00,119.228335893,119.435569385,119.050707185,119.109916754,171601
2021-01-29 10:30:00,119.159258062,119.40596459999999,118.744791077,119.248072416,187186
2021-01-29 10:15:00,118.88294673899999,119.376359816,118.71518629299999,119.14938980000001,217219
2021-01-29 10:00:00,119.327018508,119.55398852299999,118.665844985,118.88294673899999,308992
2021-01-29 09:45:00,118.6362402,119.702012446,118.41913844700001,119.327018508,1160866
2021-01-29 09:30:00,118.468479754,118.69544977,118.280982785,118.69544977,3202
2021-01-29 09:15:00,118.5079528,118.5079528,118.251378,118.271114524,2172
2021-01-29 09:00:00,118.51782106200001,118.51782106200001,118.41913844700001,118.45861149299999,9892
2021-01-29 08:45:00,118.093485816,118.56716237,118.093485816,118.537557585,1554
2021-01-29 08:30:00,118.16256364700001,118.16256364700001,118.152695385,118.16256364700001,711
2021-01-29 08:15:00,118.11351838700001,118.705318031,117.955330154,118.172431908,8897
2021-01-29 08:00:00,118.083617554,118.083617554,118.083617554,118.083617554,240
2021-01-29 07:45:00,118.51782106200001,118.51782106200001,118.11322233899999,118.11322233899999,1783
2021-01-29 07:15:00,118.399401924,118.41913844700001,118.399401924,118.41913844700001,473
2021-01-29 05:15:00,118.23164147700001,118.23164147700001,118.23164147700001,118.23164147700001,200
2021-01-29 04:15:00,118.340192354,118.41913844700001,118.340192354,118.41913844700001,575
2021-01-28 20:00:00,118.51782106200001,118.51782106200001,118.468479754,118.468479754,1126
2021-01-28 19:45:00,118.42900670799999,118.606635416,118.42900670799999,118.478348016,2364
2021-01-28 19:30:00,118.44874323100001,118.51782106200001,118.44874323100001,118.51782106200001,1008
2021-01-28 19:15:00,118.59676715399999,118.59676715399999,118.41913844700001,118.41913844700001,729
2021-01-28 19:00:00,118.51782106200001,118.51782106200001,118.49808453899999,118.51772237899999,1487
2021-01-28 18:45:00,118.51782106200001,118.51782106200001,118.51782106200001,118.51782106200001,100
2021-01-28 18:15:00,118.51782106200001,118.537557585,118.41913844700001,118.41913844700001,2008
2021-01-28 18:00:00,118.71518629299999,118.71518629299999,118.71518629299999,118.71518629299999,394
2021-01-28 17:45:00,118.71518629299999,118.71518629299999,118.71518629299999,118.71518629299999,149
2021-01-28 17:30:00,118.59676715399999,118.59676715399999,118.59676715399999,118.59676715399999,106
2021-01-28 17:15:00,118.80400064700001,118.80400064700001,118.49808453899999,118.61650367700001,2530
2021-01-28 17:00:00,118.478348016,118.51782106200001,118.478348016,118.5079528,3276
2021-01-28 16:45:00,118.81386890799999,118.81386890799999,118.41913844700001,118.73492281600001,6932
2021-01-28 16:30:00,118.557294108,118.873078477,118.557294108,118.61650367700001,2621
2021-01-28 16:15:00,118.49808453899999,118.49808453899999,118.49808453899999,118.49808453899999,182935
2021-01-28 16:00:00,118.863210216,119.06550957700001,118.488216277,118.49808453899999,702429
2021-01-28 15:45:00,119.228335893,119.346755031,118.76452759999998,118.873078477,330403
2021-01-28 15:30:00,119.563856785,119.589514265,119.228335893,119.245111937,199028
2021-01-28 15:15:00,119.45530590799999,119.66253940000001,119.32208437700001,119.563856785,231383
2021-01-28 15:00:00,118.88294673899999,119.55398852299999,118.88294673899999,119.47010829999999,230725
2021-01-28 14:45:00,118.991497616,119.040838923,118.774395862,118.83360543100001,196187
2021-01-28 14:30:00,118.91748565399999,119.119883698,118.725054554,118.98162935399999,257420
2021-01-28 14:15:00,118.971761093,119.21846763100001,118.89281499999998,118.91255152299999,235992
2021-01-28 14:00:00,119.040838923,119.097088014,118.725054554,118.947090439,203961
2021-01-28 13:45:00,118.69544977,119.060575447,118.685581508,119.060575447,191778
2021-01-28 13:30:00,118.670779116,118.794132385,118.577030631,118.69544977,153973
2021-01-28 13:15:00,118.69544977,118.873078477,118.572787279,118.670779116,195324
2021-01-28 13:00:00,118.606635416,118.81386890799999,118.537557585,118.665844985,217922
2021-01-28 12:45:00,118.942156308,119.109916754,118.586898893,118.59676715399999,235734
2021-01-28 12:30:00,119.11909423700001,119.307281985,118.853341954,118.95202457,186220
2021-01-28 12:15:00,118.84840782299999,119.321294916,118.83400016200001,119.129653277,190047
2021-01-28 12:00:00,119.075377839,119.11287723299999,118.78426412299999,118.82373717,223954
2021-01-28 11:45:00,119.129653277,119.28754546200001,118.92251846799999,119.06550957700001,163407
2021-01-28 11:30:00,118.853341954,119.29741372299999,118.81584256,119.104982623,250450
2021-01-28 11:15:00,118.96682696200001,119.228335893,118.754659339,118.873078477,296836
2021-01-28 11:00:00,119.38622807700001,119.40596459999999,118.88294673899999,118.991497616,296374
2021-01-28 10:45:00,119.59346157,119.79082679999999,119.139521539,119.376754546,302591
2021-01-28 10:30:00,119.988192031,120.277726825,119.573725046,119.613198093,320006
2021-01-28 10:15:00,119.65267113899999,120.03753333899999,119.129653277,119.948718985,344640
2021-01-28 10:00:00,120.935545139,121.05889840799999,119.45530590799999,119.59346157,364523
2021-01-28 09:45:00,121.18225167700001,121.576982139,120.51120989299999,120.856599046,756980
2021-01-28 09:30:00,121.004622969,121.320407339,120.44213206200001,120.44213206200001,4247
2021-01-28 09:15:00,121.28093429200001,121.37961690799999,121.28093429200001,121.37961690799999,5433
2021-01-28 09:00:00,120.60989250799999,121.251329508,120.60989250799999,121.251329508,2526
2021-01-28 08:45:00,120.195425523,120.49147336899999,120.195425523,120.49147336899999,641
2021-01-28 08:30:00,120.481605108,120.481605108,120.481605108,120.481605108,202
2021-01-28 08:15:00,120.244865514,120.60989250799999,119.899377677,119.899377677,7522
2021-01-28 08:00:00,120.461868585,120.461868585,120.39279075399999,120.39279075399999,3562
2021-01-28 07:30:00,120.590155985,120.590155985,120.39279075399999,120.39279075399999,550
2021-01-28 07:15:00,120.39279075399999,120.39279075399999,120.39279075399999,120.39279075399999,800
2021-01-28 06:45:00,120.382922493,120.39279075399999,120.382922493,120.39279075399999,1182
2021-01-28 06:30:00,120.382922493,120.382922493,120.382922493,120.382922493,335
2021-01-28 05:45:00,119.988192031,119.988192031,119.988192031,119.988192031,200
2021-01-28 05:30:00,119.978323769,119.978323769,119.978323769,119.978323769,573
2021-01-28 05:15:00,119.475042431,119.978323769,119.475042431,119.978323769,356
2021-01-28 04:15:00,119.85003637,119.85003637,119.85003637,119.85003637,250
2021-01-27 20:00:00,120.39279075399999,120.39279075399999,120.39279075399999,120.39279075399999,127
2021-01-27 19:45:00,120.39279075399999,120.39279075399999,120.27437161600001,120.27437161600001,360
2021-01-27 19:30:00,120.15595247700001,120.15595247700001,120.017796816,120.017796816,568
2021-01-27 19:15:00,120.195425523,120.195425523,120.195425523,120.195425523,229
2021-01-27 19:00:00,120.39279075399999,120.39279075399999,120.39279075399999,120.39279075399999,200
2021-01-27 18:45:00,120.39279075399999,120.39279075399999,120.39279075399999,120.39279075399999,230
2021-01-27 18:30:00,120.461868585,120.461868585,120.41252727700001,120.41252727700001,451
2021-01-27 18:00:00,121.0737008,121.0737008,121.0737008,121.0737008,540
2021-01-27 17:15:00,120.44213206200001,120.44213206200001,120.44213206200001,120.44213206200001,208
2021-01-27 17:00:00,120.44213206200001,120.44213206200001,120.44213206200001,120.44213206200001,318
2021-01-27 16:45:00,120.41252727700001,120.856599046,120.41252727700001,120.41252727700001,187377
2021-01-27 16:30:00,120.82699426200001,120.82699426200001,120.422395539,120.422395539,3496
2021-01-27 16:15:00,120.856599046,121.350012123,120.402659016,120.402659016,129320
2021-01-27 16:00:00,121.11317384600001,121.675664754,120.767784692,120.836862523,1144795
2021-01-27 15:45:00,121.85329346200001,121.873029985,120.9454134,121.11317384600001,534624
2021-01-27 15:30:00,122.90919744600001,122.91906570799999,121.71513780000001,121.85329346200001,412262
2021-01-27 15:15:00,122.40591610799999,122.938802231,122.33693696,122.90919744600001,415751
2021-01-27 15:00:00,122.53420350799999,122.751305261,122.35657479999999,122.425652631,451081
2021-01-27 14:45:00,122.50459872299999,122.741437,122.33683827700001,122.55394003100001,300563
2021-01-27 14:30:00,122.55394003100001,122.62301786100001,122.280786551,122.50459872299999,234273
2021-01-27 14:15:00,122.583544815,122.751305261,122.30229936200001,122.55394003100001,218146
2021-01-27 14:00:00,122.523151055,122.69209569200001,122.465125677,122.59193283799999,188224
2021-01-27 13:45:00,122.9980118,123.146035723,122.544071769,122.544071769,258398
2021-01-27 13:30:00,122.573676554,123.116430938,122.4848622,122.9980118,468739
2021-01-27 13:15:00,122.376311323,122.59341307700001,122.243089792,122.573676554,232562
2021-01-27 13:00:00,122.287496969,122.455257415,122.159209569,122.361508931,194368
2021-01-27 12:45:00,122.35657479999999,122.425652631,121.942107815,122.30229936200001,224111
2021-01-27 12:30:00,122.425652631,122.59341307700001,122.188913036,122.366443062,233626
2021-01-27 12:15:00,122.425652631,122.60328133799999,121.991449123,122.445389154,371911
2021-01-27 12:00:00,121.428958215,122.573676554,121.419089954,122.445389154,585216
2021-01-27 11:45:00,121.21185646200001,121.53750909200001,120.935545139,121.424024085,279815
2021-01-27 11:30:00,121.068766669,121.221724723,120.757916431,121.21185646200001,244120
2021-01-27 11:15:00,120.9454134,121.172383416,120.757916431,121.098371454,188020
2021-01-27 11:00:00,120.886203831,121.0737008,120.69870686200001,120.9454134,304447
2021-01-27 10:45:00,121.389485169,121.53750909200001,120.817126,120.915808616,417814
2021-01-27 10:30:00,120.905940354,121.754610846,120.787521216,121.359880385,520079
2021-01-27 10:15:00,120.82699426200001,121.18225167700001,120.580287723,120.866467308,414322
2021-01-27 10:00:00,120.678970339,121.409221692,120.3039764,120.836862523,694664
2021-01-27 09:45:00,120.471736846,121.641125839,120.01917837200001,120.700779197,1304928
2021-01-27 09:30:00,119.14938980000001,120.44213206200001,119.14938980000001,120.41252727700001,20948
2021-01-27 09:15:00,119.070443708,119.11978501600001,118.83360543100001,118.922419785,15684
2021-01-27 09:00:00,119.40596459999999,119.40596459999999,119.159258062,119.376359816,617
2021-01-27 08:45:00,119.159258062,119.159258062,119.011234139,119.159258062,1999
2021-01-27 08:30:00,118.98162935399999,119.40596459999999,118.98162935399999,119.0211024,4283
2021-01-27 08:15:00,119.317150247,119.40596459999999,118.81386890799999,118.98162935399999,12760
2021-01-27 08:00:00,119.030970662,119.14938980000001,118.91255152299999,118.971761093,2601
2021-01-27 07:45:00,119.20859937,119.307281985,119.109916754,119.109916754,1090
2021-01-27 07:30:00,119.11978501600001,119.317150247,119.109916754,119.20859937,2474
2021-01-27 07:15:00,119.40596459999999,119.534252,119.159258062,119.20859937,2670
2021-01-27 06:30:00,119.899377677,119.899377677,119.899377677,119.899377677,735
2021-01-27 06:00:00,119.899377677,119.899377677,119.899377677,119.899377677,762
2021-01-27 05:15:00,120.373054231,120.373054231,120.373054231,120.373054231,164
2021-01-27 04:30:00,120.04740159999999,120.116479431,120.04740159999999,120.116479431,529
2021-01-26 20:00:00,120.195425523,120.195425523,120.146084216,120.146084216,972
2021-01-26 19:45:00,120.34344944600001,120.39279075399999,120.195425523,120.195425523,1730
2021-01-26 19:30:00,120.244766831,120.25463509299999,120.195425523,120.195425523,1372
2021-01-26 19:15:00,120.244766831,120.25463509299999,119.859904631,119.859904631,1070
2021-01-26 19:00:00,120.25463509299999,120.25463509299999,120.244766831,120.244766831,1011
2021-01-26 18:45:00,120.244766831,120.244766831,120.244766831,120.244766831,1047
2021-01-26 18:30:00,119.84016810799999,119.899377677,119.84016810799999,119.899377677,1120
2021-01-26 18:15:00,119.998060293,120.195425523,119.84016810799999,119.84016810799999,698
2021-01-26 17:45:00,119.9191142,120.244766831,119.9191142,120.244766831,978
2021-01-26 17:30:00,120.195425523,120.195425523,119.9191142,119.9191142,1931
2021-01-26 17:15:00,120.165820739,120.215162046,120.146084216,120.146084216,4735
2021-01-26 17:00:00,120.44213206200001,120.590155985,120.39279075399999,120.39279075399999,947
2021-01-26 16:45:00,120.39279075399999,120.87633556899999,120.165820739,120.39279075399999,20414
2021-01-26 16:30:00,119.899377677,120.39279075399999,119.89918031200001,120.39279075399999,54956
2021-01-26 16:15:00,120.87633556899999,120.886203831,119.800695062,119.800695062,88145
2021-01-26 16:00:00,120.72831164600001,120.975018185,120.41252727700001,120.866467308,1103384
2021-01-26 15:45:00,120.550682939,120.866467308,120.499367979,120.73817990799999,541911
2021-01-26 15:30:00,120.15595247700001,120.570419462,120.141150085,120.553643417,371156
2021-01-26 15:15:00,120.3039764,120.373054231,120.03753333899999,120.146084216,338631
2021-01-26 15:00:00,120.02273094600001,120.34344944600001,120.00299442299999,120.32371292299999,369142
2021-01-26 14:45:00,119.66263808299999,120.08203919799999,119.563856785,120.02549406,248185
2021-01-26 14:30:00,120.04740159999999,120.10661116899999,119.573725046,119.65267113899999,341061
2021-01-26 14:15:00,120.10661116899999,120.60377418600001,119.64339497299999,120.017796816,743146
2021-01-26 14:00:00,119.090180231,120.12634769299999,118.98162935399999,120.116479431,655095
2021-01-26 13:45:00,118.665844985,119.14938980000001,118.61650367700001,119.090180231,503364
2021-01-26 13:30:00,118.33032409299999,118.705318031,118.320455831,118.666634446,531594
2021-01-26 13:15:00,117.886252324,118.380257496,117.871449931,118.320554514,245885
2021-01-26 13:00:00,117.767833185,118.06388103100001,117.56059969299999,117.87638406200001,155676
2021-01-26 12:45:00,117.895035076,117.95029734100001,117.67901883100001,117.76092540200001,149444
2021-01-26 12:30:00,117.75796492399999,118.093485816,117.728754869,117.896120585,145259
2021-01-26 12:15:00,118.02450666799999,118.06388103100001,117.744544088,117.77770144700001,143463
2021-01-26 12:00:00,117.767833185,118.07374929299999,117.511258385,118.07365061,224864
2021-01-26 11:45:00,117.86158167,118.123090601,117.767833185,117.767833185,237137
2021-01-26 11:30:00,117.461917078,117.905988847,117.452048816,117.831976885,169364
2021-01-26 11:15:00,117.836911016,117.905890164,117.328498182,117.481653601,179129
2021-01-26 11:00:00,117.44218055399999,117.92572537,117.44218055399999,117.836911016,255069
2021-01-26 10:45:00,117.313893154,117.44987779799999,117.185605754,117.44987779799999,195879
2021-01-26 10:30:00,117.75796492399999,118.014539724,117.205243595,117.30797219799999,302418
2021-01-26 10:15:00,116.958635739,117.87638406200001,116.93889921600001,117.79743797,527705
2021-01-26 10:00:00,117.817174493,118.024407985,116.958635739,116.958635739,401501
2021-01-26 09:45:00,117.60994100100001,117.836911016,116.859953124,117.822898085,898553
2021-01-26 09:30:00,117.333629678,117.79743797,117.28428837,117.79743797,16329
2021-01-26 09:15:00,117.20534227799999,117.333629678,117.195474016,117.333629678,5122
2021-01-26 09:00:00,117.23484838,117.234947062,117.185605754,117.20534227799999,1671
2021-01-26 08:45:00,117.264551847,117.28428837,117.136264447,117.185605754,4469
2021-01-26 08:30:00,117.185605754,117.264453164,117.185605754,117.185605754,2031
2021-01-26 08:15:00,117.31379447200001,117.313893154,117.01784530799999,117.264551847,6219
2021-01-26 08:00:00,117.146132708,117.28428837,117.146132708,117.146132708,951
2021-01-26 07:45:00,117.047450093,117.047450093,117.047450093,117.047450093,1242
2021-01-26 07:30:00,117.067186616,117.067186616,117.01784530799999,117.047450093,1935
2021-01-26 06:15:00,117.136264447,117.136264447,117.136264447,117.136264447,349
2021-01-26 05:00:00,117.096791401,117.096791401,117.096791401,117.096791401,300
2021-01-26 04:15:00,116.909294431,116.909294431,116.909294431,116.909294431,210
2021-01-25 20:00:00,116.948767478,116.948767478,116.93889921600001,116.93889921600001,1194
2021-01-25 19:45:00,117.01784530799999,117.01784530799999,116.93889921600001,116.93889921600001,271
2021-01-25 19:00:00,116.790875293,116.800743555,116.790875293,116.800743555,919
2021-01-25 18:45:00,117.047450093,117.047450093,117.047450093,117.047450093,100
2021-01-25 18:00:00,116.91916269299999,116.91916269299999,116.91916269299999,116.91916269299999,228
2021-01-25 17:45:00,116.998108785,116.998108785,116.998108785,116.998108785,650
2021-01-25 17:00:00,117.08692313899999,117.08692313899999,116.93889921600001,116.998108785,1561
2021-01-25 16:45:00,117.10665966200001,117.185605754,117.01784530799999,117.096791401,11368
2021-01-25 16:30:00,117.01784530799999,117.116527924,117.01784530799999,117.116527924,2539
2021-01-25 16:15:00,117.01784530799999,117.165869231,116.72179746200001,117.01784530799999,40653
2021-01-25 16:00:00,116.65765376200001,117.096791401,116.563905278,117.00797704700001,967728
2021-01-25 15:45:00,116.781007031,116.82048007799999,116.62311484700001,116.65765376200001,437376
2021-01-25 15:30:00,116.51456397,116.810710499,116.410947224,116.771237453,368011
2021-01-25 15:15:00,116.672456155,116.682324416,116.376408308,116.51456397,384301
2021-01-25 15:00:00,117.067186616,117.067186616,116.53430049299999,116.692192678,373526
2021-01-25 14:45:00,117.165869231,117.165869231,116.998108785,117.067186616,254835
2021-01-25 14:30:00,116.948767478,117.195474016,116.948767478,117.165869231,284718
2021-01-25 14:15:00,117.12383043700001,117.15600097,116.82048007799999,116.968504001,356281
2021-01-25 14:00:00,117.30402489299999,117.30402489299999,116.825414208,117.116527924,431567
2021-01-25 13:45:00,117.905988847,117.963224764,117.210276408,117.28645938700001,340351
2021-01-25 13:30:00,117.353366201,117.905988847,117.343497939,117.896120585,308789
2021-01-25 13:15:00,117.471785339,117.530994908,117.264551847,117.343497939,282460
2021-01-25 13:00:00,117.481653601,117.521027964,117.313991837,117.47474581799999,258447
2021-01-25 12:45:00,117.02771357,117.521126647,116.909393114,117.471785339,278587
2021-01-25 12:30:00,117.17573749299999,117.234947062,116.783178049,117.01784530799999,315463
2021-01-25 12:15:00,117.37833290200001,117.461818395,117.027812252,117.146132708,295002
2021-01-25 12:00:00,117.429351814,117.68888709299999,117.353366201,117.382970985,407262
2021-01-25 11:45:00,116.440650691,117.511258385,116.396144831,117.425207145,541461
2021-01-25 11:30:00,116.124767639,116.55403701600001,115.971809585,116.440552008,456622
2021-01-25 11:15:00,116.297462216,116.484959185,115.961941324,116.127728118,687478
2021-01-25 11:00:00,116.711929201,116.998108785,116.277725693,116.327067001,517699
2021-01-25 10:45:00,116.683409925,116.91916269299999,116.445486139,116.711929201,481023
2021-01-25 10:30:00,116.82048007799999,116.909294431,116.59351006200001,116.682324416,399772
2021-01-25 10:15:00,116.18397720799999,116.973142084,116.168681403,116.800743555,550451
2021-01-25 10:00:00,116.859953124,116.859953124,115.95207306200001,116.23825264700001,788077
2021-01-25 09:45:00,117.197842399,117.27442010799999,115.902731755,116.850084862,2184211
2021-01-25 09:30:00,117.37310272399999,117.619809262,117.185605754,117.28428837,21034
2021-01-25 09:15:00,116.840413966,117.30402489299999,116.741533985,117.28428837,29320
2021-01-25 09:00:00,116.97837226200001,117.037581831,116.93889921600001,116.93889921600001,28476
2021-01-25 08:45:00,117.294156631,117.294156631,116.968504001,116.98824052399999,34386
2021-01-25 08:30:00,117.24501268899999,117.40270750799999,117.24501268899999,117.28428837,9166
2021-01-25 08:15:00,116.958635739,117.67901883100001,116.93889921600001,117.28428837,39862
2021-01-25 08:00:00,117.09185727,117.17573749299999,116.948767478,116.968504001,15363
2021-01-25 07:45:00,117.313893154,117.333629678,117.057318354,117.08692313899999,23031
2021-01-25 07:30:00,117.44218055399999,117.481653601,117.30402489299999,117.30402489299999,15850
2021-01-25 07:15:00,117.728360139,117.886252324,117.40270750799999,117.40270750799999,23931
2021-01-25 06:45:00,117.550731431,117.550731431,117.550731431,117.550731431,346
2021-01-25 06:30:00,117.78756970799999,117.92572537,117.54086317,117.550731431,2495
2021-01-25 06:15:00,117.66915057,117.78756970799999,117.66915057,117.78756970799999,3019
2021-01-25 05:45:00,117.54086317,117.728360139,117.54086317,117.728360139,679
2021-01-25 05:15:00,117.87638406200001,117.87638406200001,117.580336216,117.580336216,1404
2021-01-25 05:00:00,118.06388103100001,118.06388103100001,117.92572537,117.92572537,1907
2021-01-25 04:45:00,117.935593631,117.935593631,117.92572537,117.92572537,1480
2021-01-25 04:15:00,117.294156631,117.92572537,117.294156631,117.92572537,1304
